NAME,X,Y,Z
SUN,-1.353539622874197E+06,2.312479649722604E+05,2.966643693824076E+04
MERCURY,-5.061527788729806E+07,2.036853589771889E+07,6.193880033915902E+06
VENUS,4.655717382832152E+07,9.693108960886808E+07,-1.407387389549464E+06
