NAME,X,Y,Z
SUN,-1.353539622874197E+06,2.312479649722604E+05,2.966643693824076E+04
